{"commitInfo":{"timestamp":1742459671923,"userId":"4469882201090763","userName":"masa.cirkovic@abo.fi","operation":"WRITE","operationParameters":{"mode":"Overwrite","statsOnLoad":false,"partitionBy":"[]"},"notebook":{"notebookId":"171347653929902"},"clusterId":"0317-083831-yam6992k","isolationLevel":"WriteSerializable","isBlindAppend":false,"operationMetrics":{"numFiles":"4","numOutputRows":"7","numOutputBytes":"10929"},"tags":{"noRowsCopied":"true","restoresDeletedRows":"false"},"engineInfo":"Databricks-Runtime/16.2.x-cpu-ml-scala2.12","txnId":"55b9d6a4-71e7-4322-9fb9-431f530758fa"}}
{"metaData":{"id":"0f92d5be-285a-4622-9071-a17676fb0492","format":{"provider":"parquet","options":{}},"schemaString":"{\"type\":\"struct\",\"fields\":[{\"name\":\"layer\",\"type\":\"string\",\"nullable\":true,\"metadata\":{}},{\"name\":\"dataset_name\",\"type\":\"string\",\"nullable\":true,\"metadata\":{}},{\"name\":\"record_count\",\"type\":\"long\",\"nullable\":true,\"metadata\":{}},{\"name\":\"transformation_steps\",\"type\":\"string\",\"nullable\":true,\"metadata\":{}},{\"name\":\"source\",\"type\":\"string\",\"nullable\":true,\"metadata\":{}},{\"name\":\"file_path\",\"type\":\"string\",\"nullable\":true,\"metadata\":{}}]}","partitionColumns":[],"configuration":{"delta.enableDeletionVectors":"true"},"createdTime":1742459670203}}
{"protocol":{"minReaderVersion":3,"minWriterVersion":7,"readerFeatures":["deletionVectors"],"writerFeatures":["deletionVectors","appendOnly","invariants"]}}
{"add":{"path":"part-00000-a4599db9-e1a1-4bdc-a558-5f8ff3477430-c000.snappy.parquet","partitionValues":{},"size":2665,"modificationTime":1742459670920,"dataChange":true,"stats":"{\"numRecords\":1,\"minValues\":{\"layer\":\"Bronze\",\"dataset_name\":\"car_sales\",\"record_count\":24183,\"transformation_steps\":\"Raw data ingestion\",\"source\":\"car_sales_data.csv\",\"file_path\":\"file:/Workspace/Users/masa.cirko\"},\"maxValues\":{\"layer\":\"Bronze\",\"dataset_name\":\"car_sales\",\"record_count\":24183,\"transformation_steps\":\"Raw data ingestion\",\"source\":\"car_sales_data.csv\",\"file_path\":\"file:/Workspace/Users/masa.cirko\"},\"nullCount\":{\"layer\":0,\"dataset_name\":0,\"record_count\":0,\"transformation_steps\":0,\"source\":0,\"file_path\":0},\"tightBounds\":true}","tags":{"INSERTION_TIME":"1742459670920000","MIN_INSERTION_TIME":"1742459670920000","MAX_INSERTION_TIME":"1742459670920000","OPTIMIZE_TARGET_SIZE":"268435456"}}}
{"add":{"path":"part-00001-4f0b1c7b-6859-4297-a037-e3a3513fa498-c000.snappy.parquet","partitionValues":{},"size":2584,"modificationTime":1742459670945,"dataChange":true,"stats":"{\"numRecords\":2,\"minValues\":{\"layer\":\"Bronze\",\"dataset_name\":\"company\",\"record_count\":30,\"transformation_steps\":\"Raw data ingestion\",\"source\":\"companies_data.json\",\"file_path\":\"file:/Workspace/Users/masa.cirko\"},\"maxValues\":{\"layer\":\"Bronze\",\"dataset_name\":\"customers\",\"record_count\":23906,\"transformation_steps\":\"Raw data ingestion\",\"source\":\"customers_data.csv\",\"file_path\":\"file:/Workspace/Users/masa.cirko\"},\"nullCount\":{\"layer\":0,\"dataset_name\":0,\"record_count\":0,\"transformation_steps\":0,\"source\":0,\"file_path\":0},\"tightBounds\":true}","tags":{"INSERTION_TIME":"1742459670920001","MIN_INSERTION_TIME":"1742459670920001","MAX_INSERTION_TIME":"1742459670920001","OPTIMIZE_TARGET_SIZE":"268435456"}}}
{"add":{"path":"part-00002-7a79b565-0366-4690-a2c7-e5c4d195623f-c000.snappy.parquet","partitionValues":{},"size":2755,"modificationTime":1742459671040,"dataChange":true,"stats":"{\"numRecords\":2,\"minValues\":{\"layer\":\"Silver\",\"dataset_name\":\"car_sales\",\"record_count\":30,\"transformation_steps\":\"Renamed Columns → Dropped Duplic\",\"source\":\"bronze_car_sales_df\",\"file_path\":\"file:/Workspace/Users/masa.cirko\"},\"maxValues\":{\"layer\":\"Silver\",\"dataset_name\":\"company\",\"record_count\":23813,\"transformation_steps\":\"Standardized Country Names\",\"source\":\"bronze_company_df\",\"file_path\":\"file:/Workspace/Users/masa.cirko\"},\"nullCount\":{\"layer\":0,\"dataset_name\":0,\"record_count\":0,\"transformation_steps\":0,\"source\":0,\"file_path\":0},\"tightBounds\":true}","tags":{"INSERTION_TIME":"1742459670920002","MIN_INSERTION_TIME":"1742459670920002","MAX_INSERTION_TIME":"1742459670920002","OPTIMIZE_TARGET_SIZE":"268435456"}}}
{"add":{"path":"part-00003-08466e8c-067d-43c9-9d6e-d0137fa46655-c000.snappy.parquet","partitionValues":{},"size":2925,"modificationTime":1742459670929,"dataChange":true,"stats":"{\"numRecords\":2,\"minValues\":{\"layer\":\"Golden\",\"dataset_name\":\"customers\",\"record_count\":23388,\"transformation_steps\":\"Joined Car Sales ↔ Company ↔ Cus\",\"source\":\"bronze_customers_df\",\"file_path\":\"file:/Workspace/Users/masa.cirko\"},\"maxValues\":{\"layer\":\"Silver\",\"dataset_name\":\"golden_data\",\"record_count\":23479,\"transformation_steps\":\"Renamed Columns → Dropped Duplic\",\"source\":\"silver_car_sales_df, silver_comp\",\"file_path\":\"file:/Workspace/Users/masa.cirko\"},\"nullCount\":{\"layer\":0,\"dataset_name\":0,\"record_count\":0,\"transformation_steps\":0,\"source\":0,\"file_path\":0},\"tightBounds\":true}","tags":{"INSERTION_TIME":"1742459670920003","MIN_INSERTION_TIME":"1742459670920003","MAX_INSERTION_TIME":"1742459670920003","OPTIMIZE_TARGET_SIZE":"268435456"}}}
