{"commitInfo":{"timestamp":1742459343975,"userId":"4469882201090763","userName":"masa.cirkovic@abo.fi","operation":"WRITE","operationParameters":{"mode":"Overwrite","statsOnLoad":false,"partitionBy":"[]"},"notebook":{"notebookId":"171347653929583"},"clusterId":"0317-083831-yam6992k","isolationLevel":"WriteSerializable","isBlindAppend":false,"operationMetrics":{"numFiles":"1","numOutputRows":"30","numOutputBytes":"2479"},"tags":{"noRowsCopied":"true","restoresDeletedRows":"false"},"engineInfo":"Databricks-Runtime/16.2.x-cpu-ml-scala2.12","txnId":"535b29e9-1e83-44d9-b0a7-14b8a878131c"}}
{"metaData":{"id":"6b1393ec-097b-4fb4-92d1-1448bc3d7dce","format":{"provider":"parquet","options":{}},"schemaString":"{\"type\":\"struct\",\"fields\":[{\"name\":\"company_id\",\"type\":\"string\",\"nullable\":true,\"metadata\":{}},{\"name\":\"company_name\",\"type\":\"string\",\"nullable\":true,\"metadata\":{}},{\"name\":\"company_type\",\"type\":\"string\",\"nullable\":true,\"metadata\":{}},{\"name\":\"founding_year\",\"type\":\"long\",\"nullable\":true,\"metadata\":{}},{\"name\":\"headquarters\",\"type\":\"string\",\"nullable\":true,\"metadata\":{}}]}","partitionColumns":[],"configuration":{"delta.enableDeletionVectors":"true"},"createdTime":1742459342566}}
{"protocol":{"minReaderVersion":3,"minWriterVersion":7,"readerFeatures":["deletionVectors"],"writerFeatures":["deletionVectors","appendOnly","invariants"]}}
{"add":{"path":"part-00000-243f49ff-1fbd-4d87-acbb-0b256a5b1d86-c000.snappy.parquet","partitionValues":{},"size":2479,"modificationTime":1742459343685,"dataChange":true,"stats":"{\"numRecords\":30,\"minValues\":{\"company_id\":\"CMP_001\",\"company_name\":\"Acura\",\"company_type\":\"division\",\"founding_year\":1897,\"headquarters\":\"Germany\"},\"maxValues\":{\"company_id\":\"CMP_030\",\"company_name\":\"Volvo\",\"company_type\":\"private\",\"founding_year\":1989,\"headquarters\":\"United States\"},\"nullCount\":{\"company_id\":0,\"company_name\":0,\"company_type\":0,\"founding_year\":0,\"headquarters\":0},\"tightBounds\":true}","tags":{"INSERTION_TIME":"1742459343685000","MIN_INSERTION_TIME":"1742459343685000","MAX_INSERTION_TIME":"1742459343685000","OPTIMIZE_TARGET_SIZE":"268435456"}}}
