{"commitInfo":{"timestamp":1742459390926,"userId":"4469882201090763","userName":"masa.cirkovic@abo.fi","operation":"WRITE","operationParameters":{"mode":"Overwrite","statsOnLoad":false,"partitionBy":"[]"},"notebook":{"notebookId":"171347653929583"},"clusterId":"0317-083831-yam6992k","isolationLevel":"WriteSerializable","isBlindAppend":false,"operationMetrics":{"numFiles":"1","numOutputRows":"30","numOutputBytes":"2395"},"tags":{"noRowsCopied":"true","restoresDeletedRows":"false"},"engineInfo":"Databricks-Runtime/16.2.x-cpu-ml-scala2.12","txnId":"1339f703-f981-47c2-9748-ae4a35a4c591"}}
{"metaData":{"id":"765acd89-2068-48d3-bfc2-b746ec2cface","format":{"provider":"parquet","options":{}},"schemaString":"{\"type\":\"struct\",\"fields\":[{\"name\":\"company_id\",\"type\":\"string\",\"nullable\":true,\"metadata\":{}},{\"name\":\"company_name\",\"type\":\"string\",\"nullable\":true,\"metadata\":{}},{\"name\":\"company_type\",\"type\":\"string\",\"nullable\":true,\"metadata\":{}},{\"name\":\"founding_year\",\"type\":\"integer\",\"nullable\":true,\"metadata\":{}},{\"name\":\"headquarters\",\"type\":\"string\",\"nullable\":true,\"metadata\":{}}]}","partitionColumns":[],"configuration":{"delta.enableDeletionVectors":"true"},"createdTime":1742459388489}}
{"protocol":{"minReaderVersion":3,"minWriterVersion":7,"readerFeatures":["deletionVectors"],"writerFeatures":["deletionVectors","appendOnly","invariants"]}}
{"add":{"path":"part-00000-3e766680-de0d-46e0-90f0-7133c0fed6d8-c000.snappy.parquet","partitionValues":{},"size":2395,"modificationTime":1742459390289,"dataChange":true,"stats":"{\"numRecords\":30,\"minValues\":{\"company_id\":\"CMP_001\",\"company_name\":\"Acura\",\"company_type\":\"division\",\"founding_year\":1897,\"headquarters\":\"Germany\"},\"maxValues\":{\"company_id\":\"CMP_030\",\"company_name\":\"Volvo\",\"company_type\":\"private\",\"founding_year\":1989,\"headquarters\":\"United States\"},\"nullCount\":{\"company_id\":0,\"company_name\":0,\"company_type\":0,\"founding_year\":0,\"headquarters\":0},\"tightBounds\":true}","tags":{"INSERTION_TIME":"1742459390289000","MIN_INSERTION_TIME":"1742459390289000","MAX_INSERTION_TIME":"1742459390289000","OPTIMIZE_TARGET_SIZE":"268435456"}}}
