{"commitInfo":{"timestamp":1742459404525,"userId":"4469882201090763","userName":"masa.cirkovic@abo.fi","operation":"WRITE","operationParameters":{"mode":"Overwrite","statsOnLoad":false,"partitionBy":"[]"},"notebook":{"notebookId":"171347653929583"},"clusterId":"0317-083831-yam6992k","isolationLevel":"WriteSerializable","isBlindAppend":false,"operationMetrics":{"numFiles":"1","numOutputRows":"23479","numOutputBytes":"241443"},"tags":{"noRowsCopied":"true","restoresDeletedRows":"false"},"engineInfo":"Databricks-Runtime/16.2.x-cpu-ml-scala2.12","txnId":"97d8e696-d951-4181-944d-8240245a9e0f"}}
{"metaData":{"id":"01c1aa3c-f96a-4e7d-95c1-7e1eac73a5d4","format":{"provider":"parquet","options":{}},"schemaString":"{\"type\":\"struct\",\"fields\":[{\"name\":\"car_id\",\"type\":\"string\",\"nullable\":true,\"metadata\":{}},{\"name\":\"name\",\"type\":\"string\",\"nullable\":true,\"metadata\":{}},{\"name\":\"gender\",\"type\":\"string\",\"nullable\":true,\"metadata\":{}},{\"name\":\"annual_income_$\",\"type\":\"integer\",\"nullable\":true,\"metadata\":{}}]}","partitionColumns":[],"configuration":{"delta.enableDeletionVectors":"true"},"createdTime":1742459402049}}
{"protocol":{"minReaderVersion":3,"minWriterVersion":7,"readerFeatures":["deletionVectors"],"writerFeatures":["deletionVectors","appendOnly","invariants"]}}
{"add":{"path":"part-00000-bd787e39-8794-4fdd-b061-f1dbb5de2140-c000.snappy.parquet","partitionValues":{},"size":241443,"modificationTime":1742459404097,"dataChange":true,"stats":"{\"numRecords\":23479,\"minValues\":{\"car_id\":\"C_CND_000001\",\"name\":\"Aahil\",\"gender\":\"Female\",\"annual_income_$\":10080},\"maxValues\":{\"car_id\":\"C_CND_023906\",\"name\":\"Zyaire\",\"gender\":\"Male\",\"annual_income_$\":11200000},\"nullCount\":{\"car_id\":0,\"name\":0,\"gender\":0,\"annual_income_$\":0},\"tightBounds\":true}","tags":{"INSERTION_TIME":"1742459404097000","MIN_INSERTION_TIME":"1742459404097000","MAX_INSERTION_TIME":"1742459404097000","OPTIMIZE_TARGET_SIZE":"268435456"}}}
