{"commitInfo":{"timestamp":1742459439226,"userId":"4469882201090763","userName":"masa.cirkovic@abo.fi","operation":"WRITE","operationParameters":{"mode":"Overwrite","statsOnLoad":false,"partitionBy":"[\"dealer_region\"]"},"notebook":{"notebookId":"171347653929583"},"clusterId":"0317-083831-yam6992k","isolationLevel":"WriteSerializable","isBlindAppend":false,"operationMetrics":{"numFiles":"7","numOutputRows":"23388","numOutputBytes":"552589"},"tags":{"noRowsCopied":"true","restoresDeletedRows":"false"},"engineInfo":"Databricks-Runtime/16.2.x-cpu-ml-scala2.12","txnId":"3c4e7ac5-2a33-4b40-abf3-f84b53edb0d2"}}
{"metaData":{"id":"04630283-13ee-42fb-bdb9-328abc0ca5eb","format":{"provider":"parquet","options":{}},"schemaString":"{\"type\":\"struct\",\"fields\":[{\"name\":\"car_id\",\"type\":\"string\",\"nullable\":true,\"metadata\":{}},{\"name\":\"company_id\",\"type\":\"string\",\"nullable\":true,\"metadata\":{}},{\"name\":\"date\",\"type\":\"date\",\"nullable\":true,\"metadata\":{\"__detected_date_formats\":\"M/d/yyyy\"}},{\"name\":\"dealer_name\",\"type\":\"string\",\"nullable\":true,\"metadata\":{}},{\"name\":\"dealer_region\",\"type\":\"string\",\"nullable\":true,\"metadata\":{}},{\"name\":\"model\",\"type\":\"string\",\"nullable\":true,\"metadata\":{}},{\"name\":\"engine\",\"type\":\"string\",\"nullable\":true,\"metadata\":{}},{\"name\":\"transmission\",\"type\":\"string\",\"nullable\":true,\"metadata\":{}},{\"name\":\"color\",\"type\":\"string\",\"nullable\":true,\"metadata\":{}},{\"name\":\"body_style\",\"type\":\"string\",\"nullable\":true,\"metadata\":{}},{\"name\":\"price_$\",\"type\":\"integer\",\"nullable\":true,\"metadata\":{}},{\"name\":\"company_name\",\"type\":\"string\",\"nullable\":true,\"metadata\":{}},{\"name\":\"company_type\",\"type\":\"string\",\"nullable\":true,\"metadata\":{}},{\"name\":\"founding_year\",\"type\":\"integer\",\"nullable\":true,\"metadata\":{}},{\"name\":\"headquarters\",\"type\":\"string\",\"nullable\":true,\"metadata\":{}},{\"name\":\"name\",\"type\":\"string\",\"nullable\":true,\"metadata\":{}},{\"name\":\"gender\",\"type\":\"string\",\"nullable\":true,\"metadata\":{}},{\"name\":\"annual_income_$\",\"type\":\"integer\",\"nullable\":true,\"metadata\":{}}]}","partitionColumns":["dealer_region"],"configuration":{"delta.enableDeletionVectors":"true"},"createdTime":1742459433085}}
{"protocol":{"minReaderVersion":3,"minWriterVersion":7,"readerFeatures":["deletionVectors"],"writerFeatures":["deletionVectors","appendOnly","invariants"]}}
{"add":{"path":"dealer_region=Aurora/part-00000-28f04b0a-ae1f-4c62-9393-7e0a7158298e.c000.snappy.parquet","partitionValues":{"dealer_region":"Aurora"},"size":74024,"modificationTime":1742459435841,"dataChange":true,"stats":"{\"numRecords\":3060,\"minValues\":{\"car_id\":\"C_CND_000002\",\"company_id\":\"CMP_001\",\"date\":\"2022-01-02\",\"dealer_name\":\"Buddy Storbeck's Diesel Service \",\"model\":\"3-Sep\",\"engine\":\"Double Overhead Camshaft\",\"transmission\":\"Auto\",\"color\":\"Black\",\"body_style\":\"Hardtop\",\"price_$\":9000,\"company_name\":\"Acura\",\"company_type\":\"division\",\"founding_year\":1897,\"headquarters\":\"Germany\",\"name\":\"Aaliyah\",\"gender\":\"Female\",\"annual_income_$\":13500},\"maxValues\":{\"car_id\":\"C_CND_023900\",\"company_id\":\"CMP_030\",\"date\":\"2023-12-31\",\"dealer_name\":\"U-Haul CO\",\"model\":\"Xterra\",\"engine\":\"Overhead Camshaft\",\"transmission\":\"Manual\",\"color\":\"Red\",\"body_style\":\"Sedan\",\"price_$\":85800,\"company_name\":\"Volvo\",\"company_type\":\"private\",\"founding_year\":1989,\"headquarters\":\"United States\",\"name\":\"Zuri\",\"gender\":\"Male\",\"annual_income_$\":7650000},\"nullCount\":{\"car_id\":0,\"company_id\":0,\"date\":0,\"dealer_name\":0,\"model\":0,\"engine\":0,\"transmission\":0,\"color\":0,\"body_style\":0,\"price_$\":0,\"company_name\":0,\"company_type\":0,\"founding_year\":0,\"headquarters\":0,\"name\":0,\"gender\":0,\"annual_income_$\":0},\"tightBounds\":true}","tags":{"INSERTION_TIME":"1742459435841000","MIN_INSERTION_TIME":"1742459435841000","MAX_INSERTION_TIME":"1742459435841000","OPTIMIZE_TARGET_SIZE":"268435456"}}}
{"add":{"path":"dealer_region=Austin/part-00000-17da4495-7fb4-4bd8-8ae6-bd1b23bc4828.c000.snappy.parquet","partitionValues":{"dealer_region":"Austin"},"size":91656,"modificationTime":1742459436441,"dataChange":true,"stats":"{\"numRecords\":4038,\"minValues\":{\"car_id\":\"C_CND_000007\",\"company_id\":\"CMP_001\",\"date\":\"2022-01-02\",\"dealer_name\":\"Buddy Storbeck's Diesel Service \",\"model\":\"3-Sep\",\"engine\":\"Double Overhead Camshaft\",\"transmission\":\"Auto\",\"color\":\"Black\",\"body_style\":\"Hardtop\",\"price_$\":4200,\"company_name\":\"Acura\",\"company_type\":\"division\",\"founding_year\":1897,\"headquarters\":\"Germany\",\"name\":\"Aaliyah\",\"gender\":\"Female\",\"annual_income_$\":13500},\"maxValues\":{\"car_id\":\"C_CND_023905\",\"company_id\":\"CMP_030\",\"date\":\"2023-12-31\",\"dealer_name\":\"U-Haul CO\",\"model\":\"Xterra\",\"engine\":\"Overhead Camshaft\",\"transmission\":\"Manual\",\"color\":\"Red\",\"body_style\":\"Sedan\",\"price_$\":85601,\"company_name\":\"Volvo\",\"company_type\":\"private\",\"founding_year\":1989,\"headquarters\":\"United States\",\"name\":\"Zoya\",\"gender\":\"Male\",\"annual_income_$\":11200000},\"nullCount\":{\"car_id\":0,\"company_id\":0,\"date\":0,\"dealer_name\":0,\"model\":0,\"engine\":0,\"transmission\":0,\"color\":0,\"body_style\":0,\"price_$\":0,\"company_name\":0,\"company_type\":0,\"founding_year\":0,\"headquarters\":0,\"name\":0,\"gender\":0,\"annual_income_$\":0},\"tightBounds\":true}","tags":{"INSERTION_TIME":"1742459435841001","MIN_INSERTION_TIME":"1742459435841001","MAX_INSERTION_TIME":"1742459435841001","OPTIMIZE_TARGET_SIZE":"268435456"}}}
{"add":{"path":"dealer_region=Greenville/part-00000-0c7924f2-8eec-4196-8d30-d3f12f0cdce8.c000.snappy.parquet","partitionValues":{"dealer_region":"Greenville"},"size":73150,"modificationTime":1742459436828,"dataChange":true,"stats":"{\"numRecords\":3048,\"minValues\":{\"car_id\":\"C_CND_000003\",\"company_id\":\"CMP_001\",\"date\":\"2022-01-02\",\"dealer_name\":\"Buddy Storbeck's Diesel Service \",\"model\":\"3-Sep\",\"engine\":\"Double Overhead Camshaft\",\"transmission\":\"Auto\",\"color\":\"Black\",\"body_style\":\"Hardtop\",\"price_$\":1200,\"company_name\":\"Acura\",\"company_type\":\"division\",\"founding_year\":1897,\"headquarters\":\"Germany\",\"name\":\"Aaliyah\",\"gender\":\"Female\",\"annual_income_$\":13500},\"maxValues\":{\"car_id\":\"C_CND_023901\",\"company_id\":\"CMP_030\",\"date\":\"2023-12-31\",\"dealer_name\":\"U-Haul CO\",\"model\":\"Xterra\",\"engine\":\"Overhead Camshaft\",\"transmission\":\"Manual\",\"color\":\"Red\",\"body_style\":\"Sedan\",\"price_$\":85200,\"company_name\":\"Volvo\",\"company_type\":\"private\",\"founding_year\":1989,\"headquarters\":\"United States\",\"name\":\"Zyaire\",\"gender\":\"Male\",\"annual_income_$\":6800000},\"nullCount\":{\"car_id\":0,\"company_id\":0,\"date\":0,\"dealer_name\":0,\"model\":0,\"engine\":0,\"transmission\":0,\"color\":0,\"body_style\":0,\"price_$\":0,\"company_name\":0,\"company_type\":0,\"founding_year\":0,\"headquarters\":0,\"name\":0,\"gender\":0,\"annual_income_$\":0},\"tightBounds\":true}","tags":{"INSERTION_TIME":"1742459435841002","MIN_INSERTION_TIME":"1742459435841002","MAX_INSERTION_TIME":"1742459435841002","OPTIMIZE_TARGET_SIZE":"268435456"}}}
{"add":{"path":"dealer_region=Janesville/part-00000-048809ca-a514-4014-886d-624d9cc89638.c000.snappy.parquet","partitionValues":{"dealer_region":"Janesville"},"size":86189,"modificationTime":1742459437311,"dataChange":true,"stats":"{\"numRecords\":3738,\"minValues\":{\"car_id\":\"C_CND_000005\",\"company_id\":\"CMP_001\",\"date\":\"2022-01-02\",\"dealer_name\":\"Buddy Storbeck's Diesel Service \",\"model\":\"3-Sep\",\"engine\":\"Double Overhead Camshaft\",\"transmission\":\"Auto\",\"color\":\"Black\",\"body_style\":\"Hardtop\",\"price_$\":4300,\"company_name\":\"Acura\",\"company_type\":\"division\",\"founding_year\":1897,\"headquarters\":\"Germany\",\"name\":\"Aaliyah\",\"gender\":\"Female\",\"annual_income_$\":13500},\"maxValues\":{\"car_id\":\"C_CND_023893\",\"company_id\":\"CMP_030\",\"date\":\"2023-12-31\",\"dealer_name\":\"U-Haul CO\",\"model\":\"Xterra\",\"engine\":\"Overhead Camshaft\",\"transmission\":\"Manual\",\"color\":\"Red\",\"body_style\":\"Sedan\",\"price_$\":85400,\"company_name\":\"Volvo\",\"company_type\":\"private\",\"founding_year\":1989,\"headquarters\":\"United States\",\"name\":\"Zyaire\",\"gender\":\"Male\",\"annual_income_$\":5500000},\"nullCount\":{\"car_id\":0,\"company_id\":0,\"date\":0,\"dealer_name\":0,\"model\":0,\"engine\":0,\"transmission\":0,\"color\":0,\"body_style\":0,\"price_$\":0,\"company_name\":0,\"company_type\":0,\"founding_year\":0,\"headquarters\":0,\"name\":0,\"gender\":0,\"annual_income_$\":0},\"tightBounds\":true}","tags":{"INSERTION_TIME":"1742459435841003","MIN_INSERTION_TIME":"1742459435841003","MAX_INSERTION_TIME":"1742459435841003","OPTIMIZE_TARGET_SIZE":"268435456"}}}
{"add":{"path":"dealer_region=Middletown/part-00000-bf1a9bae-8489-4838-840e-3be69fe51b02.c000.snappy.parquet","partitionValues":{"dealer_region":"Middletown"},"size":73979,"modificationTime":1742459437799,"dataChange":true,"stats":"{\"numRecords\":3067,\"minValues\":{\"car_id\":\"C_CND_000001\",\"company_id\":\"CMP_001\",\"date\":\"2022-01-02\",\"dealer_name\":\"Buddy Storbeck's Diesel Service \",\"model\":\"3-Sep\",\"engine\":\"Double Overhead Camshaft\",\"transmission\":\"Auto\",\"color\":\"Black\",\"body_style\":\"Hardtop\",\"price_$\":1700,\"company_name\":\"Acura\",\"company_type\":\"division\",\"founding_year\":1897,\"headquarters\":\"Germany\",\"name\":\"Aaliyah\",\"gender\":\"Female\",\"annual_income_$\":13500},\"maxValues\":{\"car_id\":\"C_CND_023906\",\"company_id\":\"CMP_030\",\"date\":\"2023-12-31\",\"dealer_name\":\"U-Haul CO\",\"model\":\"Xterra\",\"engine\":\"Overhead Camshaft\",\"transmission\":\"Manual\",\"color\":\"Red\",\"body_style\":\"Sedan\",\"price_$\":85300,\"company_name\":\"Volvo\",\"company_type\":\"private\",\"founding_year\":1989,\"headquarters\":\"United States\",\"name\":\"Zuri\",\"gender\":\"Male\",\"annual_income_$\":6400000},\"nullCount\":{\"car_id\":0,\"company_id\":0,\"date\":0,\"dealer_name\":0,\"model\":0,\"engine\":0,\"transmission\":0,\"color\":0,\"body_style\":0,\"price_$\":0,\"company_name\":0,\"company_type\":0,\"founding_year\":0,\"headquarters\":0,\"name\":0,\"gender\":0,\"annual_income_$\":0},\"tightBounds\":true}","tags":{"INSERTION_TIME":"1742459435841004","MIN_INSERTION_TIME":"1742459435841004","MAX_INSERTION_TIME":"1742459435841004","OPTIMIZE_TARGET_SIZE":"268435456"}}}
{"add":{"path":"dealer_region=Pasco/part-00000-56251071-f104-4425-ba0a-ec4f7ce2d550.c000.snappy.parquet","partitionValues":{"dealer_region":"Pasco"},"size":74342,"modificationTime":1742459438294,"dataChange":true,"stats":"{\"numRecords\":3075,\"minValues\":{\"car_id\":\"C_CND_000004\",\"company_id\":\"CMP_001\",\"date\":\"2022-01-02\",\"dealer_name\":\"Buddy Storbeck's Diesel Service \",\"model\":\"3-Sep\",\"engine\":\"Double Overhead Camshaft\",\"transmission\":\"Auto\",\"color\":\"Black\",\"body_style\":\"Hardtop\",\"price_$\":4000,\"company_name\":\"Acura\",\"company_type\":\"division\",\"founding_year\":1897,\"headquarters\":\"Germany\",\"name\":\"Aahil\",\"gender\":\"Female\",\"annual_income_$\":10080},\"maxValues\":{\"car_id\":\"C_CND_023902\",\"company_id\":\"CMP_030\",\"date\":\"2023-12-31\",\"dealer_name\":\"U-Haul CO\",\"model\":\"Xterra\",\"engine\":\"Overhead Camshaft\",\"transmission\":\"Manual\",\"color\":\"Red\",\"body_style\":\"Sedan\",\"price_$\":85600,\"company_name\":\"Volvo\",\"company_type\":\"private\",\"founding_year\":1989,\"headquarters\":\"United States\",\"name\":\"Zyaire\",\"gender\":\"Male\",\"annual_income_$\":6460000},\"nullCount\":{\"car_id\":0,\"company_id\":0,\"date\":0,\"dealer_name\":0,\"model\":0,\"engine\":0,\"transmission\":0,\"color\":0,\"body_style\":0,\"price_$\":0,\"company_name\":0,\"company_type\":0,\"founding_year\":0,\"headquarters\":0,\"name\":0,\"gender\":0,\"annual_income_$\":0},\"tightBounds\":true}","tags":{"INSERTION_TIME":"1742459435841005","MIN_INSERTION_TIME":"1742459435841005","MAX_INSERTION_TIME":"1742459435841005","OPTIMIZE_TARGET_SIZE":"268435456"}}}
{"add":{"path":"dealer_region=Scottsdale/part-00000-b2714c90-0896-402b-b4d5-4ae981f6dcc0.c000.snappy.parquet","partitionValues":{"dealer_region":"Scottsdale"},"size":79249,"modificationTime":1742459438714,"dataChange":true,"stats":"{\"numRecords\":3362,\"minValues\":{\"car_id\":\"C_CND_000006\",\"company_id\":\"CMP_001\",\"date\":\"2022-01-02\",\"dealer_name\":\"Buddy Storbeck's Diesel Service \",\"model\":\"3-Sep\",\"engine\":\"Double Overhead Camshaft\",\"transmission\":\"Auto\",\"color\":\"Black\",\"body_style\":\"Hardtop\",\"price_$\":1450,\"company_name\":\"Acura\",\"company_type\":\"division\",\"founding_year\":1897,\"headquarters\":\"Germany\",\"name\":\"Aaliyah\",\"gender\":\"Female\",\"annual_income_$\":13500},\"maxValues\":{\"car_id\":\"C_CND_023904\",\"company_id\":\"CMP_030\",\"date\":\"2023-12-31\",\"dealer_name\":\"U-Haul CO\",\"model\":\"Xterra\",\"engine\":\"Overhead Camshaft\",\"transmission\":\"Manual\",\"color\":\"Red\",\"body_style\":\"Sedan\",\"price_$\":85001,\"company_name\":\"Volvo\",\"company_type\":\"private\",\"founding_year\":1989,\"headquarters\":\"United States\",\"name\":\"Zyaire\",\"gender\":\"Male\",\"annual_income_$\":6240000},\"nullCount\":{\"car_id\":0,\"company_id\":0,\"date\":0,\"dealer_name\":0,\"model\":0,\"engine\":0,\"transmission\":0,\"color\":0,\"body_style\":0,\"price_$\":0,\"company_name\":0,\"company_type\":0,\"founding_year\":0,\"headquarters\":0,\"name\":0,\"gender\":0,\"annual_income_$\":0},\"tightBounds\":true}","tags":{"INSERTION_TIME":"1742459435841006","MIN_INSERTION_TIME":"1742459435841006","MAX_INSERTION_TIME":"1742459435841006","OPTIMIZE_TARGET_SIZE":"268435456"}}}
