{"commitInfo":{"timestamp":1742459378627,"userId":"4469882201090763","userName":"masa.cirkovic@abo.fi","operation":"WRITE","operationParameters":{"mode":"Overwrite","statsOnLoad":false,"partitionBy":"[]"},"notebook":{"notebookId":"171347653929583"},"clusterId":"0317-083831-yam6992k","isolationLevel":"WriteSerializable","isBlindAppend":false,"operationMetrics":{"numFiles":"1","numOutputRows":"23813","numOutputBytes":"293512"},"tags":{"noRowsCopied":"true","restoresDeletedRows":"false"},"engineInfo":"Databricks-Runtime/16.2.x-cpu-ml-scala2.12","txnId":"41613f6b-d62a-48c9-b534-13c3f4b9ffe0"}}
{"metaData":{"id":"37643294-bad0-45f7-b9c5-6196271cf472","format":{"provider":"parquet","options":{}},"schemaString":"{\"type\":\"struct\",\"fields\":[{\"name\":\"car_id\",\"type\":\"string\",\"nullable\":true,\"metadata\":{}},{\"name\":\"date\",\"type\":\"date\",\"nullable\":true,\"metadata\":{\"__detected_date_formats\":\"M/d/yyyy\"}},{\"name\":\"dealer_name\",\"type\":\"string\",\"nullable\":true,\"metadata\":{}},{\"name\":\"dealer_region\",\"type\":\"string\",\"nullable\":true,\"metadata\":{}},{\"name\":\"company_id\",\"type\":\"string\",\"nullable\":true,\"metadata\":{}},{\"name\":\"model\",\"type\":\"string\",\"nullable\":true,\"metadata\":{}},{\"name\":\"engine\",\"type\":\"string\",\"nullable\":true,\"metadata\":{}},{\"name\":\"transmission\",\"type\":\"string\",\"nullable\":true,\"metadata\":{}},{\"name\":\"color\",\"type\":\"string\",\"nullable\":true,\"metadata\":{}},{\"name\":\"body_style\",\"type\":\"string\",\"nullable\":true,\"metadata\":{}},{\"name\":\"price_$\",\"type\":\"integer\",\"nullable\":true,\"metadata\":{}}]}","partitionColumns":[],"configuration":{"delta.enableDeletionVectors":"true"},"createdTime":1742459374996}}
{"protocol":{"minReaderVersion":3,"minWriterVersion":7,"readerFeatures":["deletionVectors"],"writerFeatures":["deletionVectors","appendOnly","invariants"]}}
{"add":{"path":"part-00000-cf927352-46eb-451a-adda-de2fd953a7c1-c000.snappy.parquet","partitionValues":{},"size":293512,"modificationTime":1742459377975,"dataChange":true,"stats":"{\"numRecords\":23813,\"minValues\":{\"car_id\":\"C_CND_000001\",\"date\":\"2022-01-02\",\"dealer_name\":\"Buddy Storbeck's Diesel Service \",\"dealer_region\":\"Aurora\",\"company_id\":\"CMP_001\",\"model\":\"3-Sep\",\"engine\":\"Double Overhead Camshaft\",\"transmission\":\"Auto\",\"color\":\"Black\",\"body_style\":\"Hardtop\",\"price_$\":1200},\"maxValues\":{\"car_id\":\"C_CND_023906\",\"date\":\"2023-12-31\",\"dealer_name\":\"U-Haul CO\",\"dealer_region\":\"Scottsdale\",\"company_id\":\"CMP_030\",\"model\":\"Xterra\",\"engine\":\"Overhead Camshaft\",\"transmission\":\"Manual\",\"color\":\"Red\",\"body_style\":\"Sedan\",\"price_$\":85800},\"nullCount\":{\"car_id\":0,\"date\":0,\"dealer_name\":0,\"dealer_region\":0,\"company_id\":0,\"model\":0,\"engine\":0,\"transmission\":0,\"color\":0,\"body_style\":0,\"price_$\":0},\"tightBounds\":true}","tags":{"INSERTION_TIME":"1742459377975000","MIN_INSERTION_TIME":"1742459377975000","MAX_INSERTION_TIME":"1742459377975000","OPTIMIZE_TARGET_SIZE":"268435456"}}}
