{"commitInfo":{"timestamp":1742459350919,"userId":"4469882201090763","userName":"masa.cirkovic@abo.fi","operation":"WRITE","operationParameters":{"mode":"Overwrite","statsOnLoad":false,"partitionBy":"[]"},"notebook":{"notebookId":"171347653929583"},"clusterId":"0317-083831-yam6992k","isolationLevel":"WriteSerializable","isBlindAppend":false,"operationMetrics":{"numFiles":"1","numOutputRows":"23906","numOutputBytes":"228813"},"tags":{"noRowsCopied":"true","restoresDeletedRows":"false"},"engineInfo":"Databricks-Runtime/16.2.x-cpu-ml-scala2.12","txnId":"948f64fd-3e2c-4edf-b622-bdf55e6498cd"}}
{"metaData":{"id":"79b74de7-b265-4d28-b88a-1bc106d1ba0b","format":{"provider":"parquet","options":{}},"schemaString":"{\"type\":\"struct\",\"fields\":[{\"name\":\"car_id\",\"type\":\"string\",\"nullable\":true,\"metadata\":{}},{\"name\":\"name\",\"type\":\"string\",\"nullable\":true,\"metadata\":{}},{\"name\":\"gender\",\"type\":\"string\",\"nullable\":true,\"metadata\":{}},{\"name\":\"annual_income\",\"type\":\"string\",\"nullable\":true,\"metadata\":{}}]}","partitionColumns":[],"configuration":{"delta.enableDeletionVectors":"true"},"createdTime":1742459349333}}
{"protocol":{"minReaderVersion":3,"minWriterVersion":7,"readerFeatures":["deletionVectors"],"writerFeatures":["deletionVectors","appendOnly","invariants"]}}
{"add":{"path":"part-00000-acded72e-398e-431b-a58f-b660dc504193-c000.snappy.parquet","partitionValues":{},"size":228813,"modificationTime":1742459350608,"dataChange":true,"stats":"{\"numRecords\":23906,\"minValues\":{\"car_id\":\"C_CND_000001\",\"name\":\"Aahil\",\"gender\":\"Female\",\"annual_income\":\"$1,000,000 \"},\"maxValues\":{\"car_id\":\"C_CND_023906\",\"name\":\"Zyaire\",\"gender\":\"Male\",\"annual_income\":\"$999,999 \"},\"nullCount\":{\"car_id\":0,\"name\":17,\"gender\":3,\"annual_income\":4},\"tightBounds\":true}","tags":{"INSERTION_TIME":"1742459350608000","MIN_INSERTION_TIME":"1742459350608000","MAX_INSERTION_TIME":"1742459350608000","OPTIMIZE_TARGET_SIZE":"268435456"}}}
