{"commitInfo":{"timestamp":1742459665214,"userId":"4469882201090763","userName":"masa.cirkovic@abo.fi","operation":"WRITE","operationParameters":{"mode":"Overwrite","statsOnLoad":false,"partitionBy":"[]"},"notebook":{"notebookId":"171347653929902"},"clusterId":"0317-083831-yam6992k","isolationLevel":"WriteSerializable","isBlindAppend":false,"operationMetrics":{"numFiles":"1","numOutputRows":"1","numOutputBytes":"2405"},"tags":{"noRowsCopied":"true","restoresDeletedRows":"false"},"engineInfo":"Databricks-Runtime/16.2.x-cpu-ml-scala2.12","txnId":"574eedf1-37f4-450c-b6bf-e704a5911c73"}}
{"metaData":{"id":"71553cca-d4f7-4b0f-8ee1-9ddea634224f","format":{"provider":"parquet","options":{}},"schemaString":"{\"type\":\"struct\",\"fields\":[{\"name\":\"key_aggregations\",\"type\":{\"type\":\"array\",\"elementType\":\"string\",\"containsNull\":true},\"nullable\":true,\"metadata\":{}},{\"name\":\"last_updated\",\"type\":\"string\",\"nullable\":true,\"metadata\":{}},{\"name\":\"source_datasets\",\"type\":{\"type\":\"array\",\"elementType\":\"string\",\"containsNull\":true},\"nullable\":true,\"metadata\":{}},{\"name\":\"total_records\",\"type\":\"long\",\"nullable\":true,\"metadata\":{}},{\"name\":\"transformation_steps\",\"type\":\"string\",\"nullable\":true,\"metadata\":{}}]}","partitionColumns":[],"configuration":{"delta.enableDeletionVectors":"true"},"createdTime":1742459662473}}
{"protocol":{"minReaderVersion":3,"minWriterVersion":7,"readerFeatures":["deletionVectors"],"writerFeatures":["deletionVectors","appendOnly","invariants"]}}
{"add":{"path":"part-00003-42e954c1-cbba-41bf-a015-0759a6594524-c000.snappy.parquet","partitionValues":{},"size":2405,"modificationTime":1742459664742,"dataChange":true,"stats":"{\"numRecords\":1,\"minValues\":{\"last_updated\":\"2025-03-20 08:34:21\",\"total_records\":23388,\"transformation_steps\":\"Bronze → Silver → Golden\"},\"maxValues\":{\"last_updated\":\"2025-03-20 08:34:21\",\"total_records\":23388,\"transformation_steps\":\"Bronze → Silver → Golden\"},\"nullCount\":{\"key_aggregations\":0,\"last_updated\":0,\"source_datasets\":0,\"total_records\":0,\"transformation_steps\":0},\"tightBounds\":true}","tags":{"INSERTION_TIME":"1742459664742000","MIN_INSERTION_TIME":"1742459664742000","MAX_INSERTION_TIME":"1742459664742000","OPTIMIZE_TARGET_SIZE":"268435456"}}}
