{
    "version": "1.0",
    "layer": "bronze",
    "source": "file:/Workspace/Users/masa.cirkovic@abo.fi/rawdata/car_sales_data.csv",
    "format": "csv",
    "ingestion_process": "batch_ingestion",
    "schema": {
        "_c0": "int",
        "car": "string",
        "date": "string",
        "dealer_name": "string",
        "dealer_tegion": "string",
        "company": "string",
        "model": "string",
        "engine": "string",
        "transmission": "string",
        "color_car": "string",
        "body_style": "string",
        "price_$": "string"
    }
}