{
    "version": "1.0",
    "layer": "golden",
    "source": [
        "silver_car_sales_data",
        "silver_companies_data",
        "silver_customers_data"
    ],
    "format": "dataframe",
    "schema": {
        "car_id": {
            "type": "string",
            "rules": [
                "not_null"
            ]
        },
        "date": {
            "type": "date",
            "rules": [
                "not_null"
            ]
        },
        "dealer_name": {
            "type": "string",
            "rules": [
                "not_null"
            ]
        },
        "dealer_region": {
            "type": "string",
            "rules": [
                "not_null"
            ]
        },
        "company_id": {
            "type": "string",
            "rules": [
                "not_null"
            ]
        },
        "model": {
            "type": "string",
            "rules": [
                "not_null"
            ]
        },
        "engine": {
            "type": "string",
            "rules": [
                "not_null"
            ]
        },
        "transmission": {
            "type": "string",
            "rules": [
                "not_null"
            ]
        },
        "color": {
            "type": "string",
            "rules": [
                "not_null"
            ]
        },
        "body_style": {
            "type": "string",
            "rules": [
                "not_null"
            ]
        },
        "price_$": {
            "type": "int",
            "rules": [
                "greater_than_0",
                "not_null"
            ]
        },
        "company_name": {
            "type": "string",
            "rules": [
                "not_null"
            ]
        },
        "company_type": {
            "type": "string",
            "rules": [
                "not_null"
            ]
        },
        "founding_year": {
            "type": "int",
            "rules": [
                "not_null"
            ]
        },
        "headquarters": {
            "type": "string",
            "rules": [
                "not_null"
            ]
        },
        "name": {
            "type": "string",
            "rules": [
                "not_null"
            ]
        },
        "gender": {
            "type": "string",
            "rules": [
                "not_null"
            ]
        },
        "annual_income_$": {
            "type": "int",
            "rules": [
                "greater_than_0",
                "not_null"
            ]
        }
    }
}