{"commitInfo":{"timestamp":1742459337774,"userId":"4469882201090763","userName":"masa.cirkovic@abo.fi","operation":"WRITE","operationParameters":{"mode":"Overwrite","statsOnLoad":false,"partitionBy":"[]"},"notebook":{"notebookId":"171347653929583"},"clusterId":"0317-083831-yam6992k","isolationLevel":"WriteSerializable","isBlindAppend":false,"operationMetrics":{"numFiles":"1","numOutputRows":"24183","numOutputBytes":"346002"},"tags":{"noRowsCopied":"true","restoresDeletedRows":"false"},"engineInfo":"Databricks-Runtime/16.2.x-cpu-ml-scala2.12","txnId":"bec5dc93-1ae7-439a-933d-268f8e7e45fc"}}
{"metaData":{"id":"fa0e517a-6538-4dc8-88cf-79b140b35b25","format":{"provider":"parquet","options":{}},"schemaString":"{\"type\":\"struct\",\"fields\":[{\"name\":\"_c0\",\"type\":\"integer\",\"nullable\":true,\"metadata\":{}},{\"name\":\"car\",\"type\":\"string\",\"nullable\":true,\"metadata\":{}},{\"name\":\"date\",\"type\":\"date\",\"nullable\":true,\"metadata\":{\"__detected_date_formats\":\"M/d/yyyy\"}},{\"name\":\"dealer_name\",\"type\":\"string\",\"nullable\":true,\"metadata\":{}},{\"name\":\"dealer_region\",\"type\":\"string\",\"nullable\":true,\"metadata\":{}},{\"name\":\"company\",\"type\":\"string\",\"nullable\":true,\"metadata\":{}},{\"name\":\"model\",\"type\":\"string\",\"nullable\":true,\"metadata\":{}},{\"name\":\"engine\",\"type\":\"string\",\"nullable\":true,\"metadata\":{}},{\"name\":\"transmission\",\"type\":\"string\",\"nullable\":true,\"metadata\":{}},{\"name\":\"color_car\",\"type\":\"string\",\"nullable\":true,\"metadata\":{}},{\"name\":\"body_style\",\"type\":\"string\",\"nullable\":true,\"metadata\":{}},{\"name\":\"price_$\",\"type\":\"string\",\"nullable\":true,\"metadata\":{}}]}","partitionColumns":[],"configuration":{"delta.enableDeletionVectors":"true"},"createdTime":1742459334360}}
{"protocol":{"minReaderVersion":3,"minWriterVersion":7,"readerFeatures":["deletionVectors"],"writerFeatures":["deletionVectors","appendOnly","invariants"]}}
{"add":{"path":"part-00000-88947216-11c7-49a8-b2a0-03c48e3e21c6-c000.snappy.parquet","partitionValues":{},"size":346002,"modificationTime":1742459337275,"dataChange":true,"stats":"{\"numRecords\":24183,\"minValues\":{\"_c0\":0,\"car\":\"C_CND_000001\",\"date\":\"2022-01-02\",\"dealer_name\":\"Buddy Storbeck's Diesel Service \",\"dealer_region\":\"Aurora\",\"company\":\"CMP_001\",\"model\":\"3-Sep\",\"engine\":\"DoubleÂ Overhead Camshaft\",\"transmission\":\"Auto\",\"color_car\":\"Black\",\"body_style\":\"Hardtop\",\"price_$\":\"$1,000 \"},\"maxValues\":{\"_c0\":23905,\"car\":\"C_CND_023906\",\"date\":\"2023-12-31\",\"dealer_name\":\"U-Haul CO\",\"dealer_region\":\"Scottsdale\",\"company\":\"CMP_030\",\"model\":\"Xterra\",\"engine\":\"Overhead Camshaft\",\"transmission\":\"Manual\",\"color_car\":\"Red\",\"body_style\":\"Sedan\",\"price_$\":\"$9,910 \"},\"nullCount\":{\"_c0\":0,\"car\":0,\"date\":0,\"dealer_name\":13,\"dealer_region\":0,\"company\":3,\"model\":16,\"engine\":5,\"transmission\":0,\"color_car\":2,\"body_style\":0,\"price_$\":24},\"tightBounds\":true}","tags":{"INSERTION_TIME":"1742459337275000","MIN_INSERTION_TIME":"1742459337275000","MAX_INSERTION_TIME":"1742459337275000","OPTIMIZE_TARGET_SIZE":"268435456"}}}
